<featureType>
  <id>FeatureTypeInfoImpl-4ed2fe5f:1845c7994bf:-7ff0</id>
  <name>vertex</name>
  <nativeName>vertex</nativeName>
  <namespace>
    <id>NamespaceInfoImpl-4ed2fe5f:1845c7994bf:-7ff6</id>
  </namespace>
  <title>vertex</title>
  <keywords>
    <string>features</string>
    <string>vertex</string>
  </keywords>
  <srs>EPSG:4326</srs>
  <nativeBoundingBox>
    <minx>-180.0</minx>
    <maxx>180.0</maxx>
    <miny>-90.0</miny>
    <maxy>90.0</maxy>
    <crs>EPSG:4326</crs>
  </nativeBoundingBox>
  <latLonBoundingBox>
    <minx>-180.0</minx>
    <maxx>180.0</maxx>
    <miny>-90.0</miny>
    <maxy>90.0</maxy>
    <crs>EPSG:4326</crs>
  </latLonBoundingBox>
  <projectionPolicy>FORCE_DECLARED</projectionPolicy>
  <enabled>true</enabled>
  <metadata>
    <entry key="JDBC_VIRTUAL_TABLE">
      <virtualTable>
        <name>vertex</name>
        <sql>SELECT&#xd;
  v.id,&#xd;
  v.the_geom,&#xd;
  string_agg(distinct(e.name),&apos;,&apos;) AS name&#xd;
FROM&#xd;
  edges_noded_vertices_pgr AS v,&#xd;
  edges_noded AS e&#xd;
WHERE&#xd;
  v.id = (SELECT&#xd;
            id&#xd;
          FROM edges_noded_vertices_pgr&#xd;
          ORDER BY the_geom &lt;-&gt; ST_SetSRID(ST_MakePoint(%x%, %y%), 4326) LIMIT 1)&#xd;
  AND (e.source = v.id OR e.target = v.id)&#xd;
GROUP BY v.id, v.the_geom
</sql>
        <escapeSql>false</escapeSql>
        <geometry>
          <name>the_geom</name>
          <type>Point</type>
          <srid>-1</srid>
        </geometry>
        <parameter>
          <name>x</name>
          <defaultValue>40.619</defaultValue>
          <regexpValidator>^[\d\.\+-eE]+$</regexpValidator>
        </parameter>
        <parameter>
          <name>y</name>
          <defaultValue>-73.972</defaultValue>
          <regexpValidator>^[\d\.\+-eE]+$</regexpValidator>
        </parameter>
      </virtualTable>
    </entry>
  </metadata>
  <store class="dataStore">
    <id>DataStoreInfoImpl-4ed2fe5f:1845c7994bf:-7ff5</id>
  </store>
  <serviceConfiguration>false</serviceConfiguration>
  <simpleConversionEnabled>false</simpleConversionEnabled>
  <internationalTitle/>
  <internationalAbstract/>
  <maxFeatures>0</maxFeatures>
  <numDecimals>0</numDecimals>
  <padWithZeros>false</padWithZeros>
  <forcedDecimal>false</forcedDecimal>
  <overridingServiceSRS>false</overridingServiceSRS>
  <skipNumberMatched>false</skipNumberMatched>
  <circularArcPresent>false</circularArcPresent>
</featureType>