<featureType>
  <id>FeatureTypeInfoImpl-4ed2fe5f:1845c7994bf:-7ff2</id>
  <name>edges_noded_vertices_pgr</name>
  <nativeName>edges_noded_vertices_pgr</nativeName>
  <namespace>
    <id>NamespaceInfoImpl-4ed2fe5f:1845c7994bf:-7ff6</id>
  </namespace>
  <title>edges_noded_vertices_pgr</title>
  <keywords>
    <string>features</string>
    <string>edges_noded_vertices_pgr</string>
  </keywords>
  <nativeCRS>GEOGCS[&quot;WGS 84&quot;, &#xd;
  DATUM[&quot;World Geodetic System 1984&quot;, &#xd;
    SPHEROID[&quot;WGS 84&quot;, 6378137.0, 298.257223563, AUTHORITY[&quot;EPSG&quot;,&quot;7030&quot;]], &#xd;
    AUTHORITY[&quot;EPSG&quot;,&quot;6326&quot;]], &#xd;
  PRIMEM[&quot;Greenwich&quot;, 0.0, AUTHORITY[&quot;EPSG&quot;,&quot;8901&quot;]], &#xd;
  UNIT[&quot;degree&quot;, 0.017453292519943295], &#xd;
  AXIS[&quot;Geodetic longitude&quot;, EAST], &#xd;
  AXIS[&quot;Geodetic latitude&quot;, NORTH], &#xd;
  AUTHORITY[&quot;EPSG&quot;,&quot;4326&quot;]]</nativeCRS>
  <srs>EPSG:4326</srs>
  <nativeBoundingBox>
    <minx>-74.02008056640625</minx>
    <maxx>-73.89070892333984</maxx>
    <miny>40.583473205566406</miny>
    <maxy>40.65653991699219</maxy>
    <crs>EPSG:4326</crs>
  </nativeBoundingBox>
  <latLonBoundingBox>
    <minx>-74.02008056640625</minx>
    <maxx>-73.89070892333984</maxx>
    <miny>40.583473205566406</miny>
    <maxy>40.65653991699219</maxy>
    <crs>EPSG:4326</crs>
  </latLonBoundingBox>
  <projectionPolicy>FORCE_DECLARED</projectionPolicy>
  <enabled>true</enabled>
  <store class="dataStore">
    <id>DataStoreInfoImpl-4ed2fe5f:1845c7994bf:-7ff5</id>
  </store>
  <serviceConfiguration>false</serviceConfiguration>
  <simpleConversionEnabled>false</simpleConversionEnabled>
  <internationalTitle/>
  <internationalAbstract/>
  <maxFeatures>0</maxFeatures>
  <numDecimals>0</numDecimals>
  <padWithZeros>false</padWithZeros>
  <forcedDecimal>false</forcedDecimal>
  <overridingServiceSRS>false</overridingServiceSRS>
  <skipNumberMatched>false</skipNumberMatched>
  <circularArcPresent>false</circularArcPresent>
</featureType>